{"cameraMode":{"drawMode":0,"name":"Shaded","section":"Shading Mode"},"sceneLighting":true,"audioPlay":false,"sceneViewState":{"showFog":true,"showMaterialUpdate":false,"showSkybox":true,"showFlares":true,"showImageEffects":true,"showParticleSystems":true},"in2DMode":false,"pivot":{"x":22.034347534179689,"y":7.846103191375732,"z":15.209696769714356},"rotation":{"x":-0.032926589250564578,"y":0.1499459147453308,"z":-0.0049962811172008518,"w":-0.9881334900856018},"size":0.07448458671569824,"orthographic":false}